{
    "graph_data": {
        "50": {
            "50": {
                "centrality_threshold": 0.0006449614571134363,
                "similarity_threshold": 0.01
            },
            "55": {
                "centrality_threshold": 0.0006449614571134363,
                "similarity_threshold": 0.02
            },
            "60": {
                "centrality_threshold": 0.0006449614571134363,
                "similarity_threshold": 0.02
            },
            "65": {
                "centrality_threshold": 0.0006449614571134363,
                "similarity_threshold": 0.02
            },
            "70": {
                "centrality_threshold": 0.0006449614571134363,
                "similarity_threshold": 0.02
            },
            "75": {
                "centrality_threshold": 0.0006449614571134363,
                "similarity_threshold": 0.03
            },
            "80": {
                "centrality_threshold": 0.0006449614571134363,
                "similarity_threshold": 0.04
            },
            "85": {
                "centrality_threshold": 0.0006449614571134363,
                "similarity_threshold": 0.05
            },
            "90": {
                "centrality_threshold": 0.0006449614571134363,
                "similarity_threshold": 0.08
            },
            "95": {
                "centrality_threshold": 0.0006449614571134363,
                "similarity_threshold": 0.19
            }
        },
        "55": {
            "50": {
                "centrality_threshold": 0.0009234636135148847,
                "similarity_threshold": 0.01
            },
            "55": {
                "centrality_threshold": 0.0009234636135148847,
                "similarity_threshold": 0.02
            },
            "60": {
                "centrality_threshold": 0.0009234636135148847,
                "similarity_threshold": 0.02
            },
            "65": {
                "centrality_threshold": 0.0009234636135148847,
                "similarity_threshold": 0.02
            },
            "70": {
                "centrality_threshold": 0.0009234636135148847,
                "similarity_threshold": 0.02
            },
            "75": {
                "centrality_threshold": 0.0009234636135148847,
                "similarity_threshold": 0.03
            },
            "80": {
                "centrality_threshold": 0.0009234636135148847,
                "similarity_threshold": 0.04
            },
            "85": {
                "centrality_threshold": 0.0009234636135148847,
                "similarity_threshold": 0.05
            },
            "90": {
                "centrality_threshold": 0.0009234636135148847,
                "similarity_threshold": 0.08
            },
            "95": {
                "centrality_threshold": 0.0009234636135148847,
                "similarity_threshold": 0.19
            }
        },
        "60": {
            "50": {
                "centrality_threshold": 0.001864886703420353,
                "similarity_threshold": 0.01
            },
            "55": {
                "centrality_threshold": 0.001864886703420353,
                "similarity_threshold": 0.02
            },
            "60": {
                "centrality_threshold": 0.001864886703420353,
                "similarity_threshold": 0.02
            },
            "65": {
                "centrality_threshold": 0.001864886703420353,
                "similarity_threshold": 0.02
            },
            "70": {
                "centrality_threshold": 0.001864886703420353,
                "similarity_threshold": 0.02
            },
            "75": {
                "centrality_threshold": 0.001864886703420353,
                "similarity_threshold": 0.03
            },
            "80": {
                "centrality_threshold": 0.001864886703420353,
                "similarity_threshold": 0.04
            },
            "85": {
                "centrality_threshold": 0.001864886703420353,
                "similarity_threshold": 0.05
            },
            "90": {
                "centrality_threshold": 0.001864886703420353,
                "similarity_threshold": 0.08
            },
            "95": {
                "centrality_threshold": 0.001864886703420353,
                "similarity_threshold": 0.19
            }
        },
        "65": {
            "50": {
                "centrality_threshold": 0.00304463541396254,
                "similarity_threshold": 0.01
            },
            "55": {
                "centrality_threshold": 0.00304463541396254,
                "similarity_threshold": 0.02
            },
            "60": {
                "centrality_threshold": 0.00304463541396254,
                "similarity_threshold": 0.02
            },
            "65": {
                "centrality_threshold": 0.00304463541396254,
                "similarity_threshold": 0.02
            },
            "70": {
                "centrality_threshold": 0.00304463541396254,
                "similarity_threshold": 0.02
            },
            "75": {
                "centrality_threshold": 0.00304463541396254,
                "similarity_threshold": 0.03
            },
            "80": {
                "centrality_threshold": 0.00304463541396254,
                "similarity_threshold": 0.04
            },
            "85": {
                "centrality_threshold": 0.00304463541396254,
                "similarity_threshold": 0.05
            },
            "90": {
                "centrality_threshold": 0.00304463541396254,
                "similarity_threshold": 0.08
            },
            "95": {
                "centrality_threshold": 0.00304463541396254,
                "similarity_threshold": 0.19
            }
        },
        "70": {
            "50": {
                "centrality_threshold": 0.005134826078774623,
                "similarity_threshold": 0.01
            },
            "55": {
                "centrality_threshold": 0.005134826078774623,
                "similarity_threshold": 0.02
            },
            "60": {
                "centrality_threshold": 0.005134826078774623,
                "similarity_threshold": 0.02
            },
            "65": {
                "centrality_threshold": 0.005134826078774623,
                "similarity_threshold": 0.02
            },
            "70": {
                "centrality_threshold": 0.005134826078774623,
                "similarity_threshold": 0.02
            },
            "75": {
                "centrality_threshold": 0.005134826078774623,
                "similarity_threshold": 0.03
            },
            "80": {
                "centrality_threshold": 0.005134826078774623,
                "similarity_threshold": 0.04
            },
            "85": {
                "centrality_threshold": 0.005134826078774623,
                "similarity_threshold": 0.05
            },
            "90": {
                "centrality_threshold": 0.005134826078774623,
                "similarity_threshold": 0.08
            },
            "95": {
                "centrality_threshold": 0.005134826078774623,
                "similarity_threshold": 0.19
            }
        },
        "75": {
            "50": {
                "centrality_threshold": 0.008589286428705692,
                "similarity_threshold": 0.01
            },
            "55": {
                "centrality_threshold": 0.008589286428705692,
                "similarity_threshold": 0.02
            },
            "60": {
                "centrality_threshold": 0.008589286428705692,
                "similarity_threshold": 0.02
            },
            "65": {
                "centrality_threshold": 0.008589286428705692,
                "similarity_threshold": 0.02
            },
            "70": {
                "centrality_threshold": 0.008589286428705692,
                "similarity_threshold": 0.02
            },