{
    "graph_data": {
        "50": {
            "50": {
                "centrality_threshold": 1.0729280656846706e-05,
                "similarity_threshold": 0.01
            },
            "55": {
                "centrality_threshold": 1.0729280656846706e-05,
                "similarity_threshold": 0.01
            },
            "60": {
                "centrality_threshold": 1.0729280656846706e-05,
                "similarity_threshold": 0.01
            },
            "65": {
                "centrality_threshold": 1.0729280656846706e-05,
                "similarity_threshold": 0.01
            },
            "70": {
                "centrality_threshold": 1.0729280656846706e-05,
                "similarity_threshold": 0.01
            },
            "75": {
                "centrality_threshold": 1.0729280656846706e-05,
                "similarity_threshold": 0.01
            },
            "80": {
                "centrality_threshold": 1.0729280656846706e-05,
                "similarity_threshold": 0.02
            },
            "85": {
                "centrality_threshold": 1.0729280656846706e-05,
                "similarity_threshold": 0.02
            },
            "90": {
                "centrality_threshold": 1.0729280656846706e-05,
                "similarity_threshold": 0.03
            },
            "95": {
                "centrality_threshold": 1.0729280656846706e-05,
                "similarity_threshold": 0.31
            }
        },
        "55": {
            "50": {
                "centrality_threshold": 1.7812297077874363e-05,
                "similarity_threshold": 0.01
            },
            "55": {
                "centrality_threshold": 1.7812297077874363e-05,
                "similarity_threshold": 0.01
            },
            "60": {
                "centrality_threshold": 1.7812297077874363e-05,
                "similarity_threshold": 0.01
            },
            "65": {
                "centrality_threshold": 1.7812297077874363e-05,
                "similarity_threshold": 0.01
            },
            "70": {
                "centrality_threshold": 1.7812297077874363e-05,
                "similarity_threshold": 0.01
            },
            "75": {
                "centrality_threshold": 1.7812297077874363e-05,
                "similarity_threshold": 0.01
            },
            "80": {
                "centrality_threshold": 1.7812297077874363e-05,
                "similarity_threshold": 0.02
            },
            "85": {
                "centrality_threshold": 1.7812297077874363e-05,
                "similarity_threshold": 0.02
            },
            "90": {
                "centrality_threshold": 1.7812297077874363e-05,
                "similarity_threshold": 0.03
            },
            "95": {
                "centrality_threshold": 1.7812297077874363e-05,
                "similarity_threshold": 0.31
            }
        },
        "60": {
            "50": {
                "centrality_threshold": 2.6589400157763027e-05,
                "similarity_threshold": 0.01
            },
            "55": {
                "centrality_threshold": 2.6589400157763027e-05,
                "similarity_threshold": 0.01
            },
            "60": {
                "centrality_threshold": 2.6589400157763027e-05,
                "similarity_threshold": 0.01
            },
            "65": {
                "centrality_threshold": 2.6589400157763027e-05,
                "similarity_threshold": 0.01
            },
            "70": {
                "centrality_threshold": 2.6589400157763027e-05,
                "similarity_threshold": 0.01
            },
            "75": {
                "centrality_threshold": 2.6589400157763027e-05,
                "similarity_threshold": 0.01
            },
            "80": {
                "centrality_threshold": 2.6589400157763027e-05,
                "similarity_threshold": 0.02
            },
            "85": {
                "centrality_threshold": 2.6589400157763027e-05,
                "similarity_threshold": 0.02
            },
            "90": {
                "centrality_threshold": 2.6589400157763027e-05,
                "similarity_threshold": 0.03
            },
            "95": {
                "centrality_threshold": 2.6589400157763027e-05,
                "similarity_threshold": 0.31
            }
        },
        "65": {
            "50": {
                "centrality_threshold": 3.904324523503465e-05,
                "similarity_threshold": 0.01
            },
            "55": {
                "centrality_threshold": 3.904324523503465e-05,
                "similarity_threshold": 0.01
            },
            "60": {
                "centrality_threshold": 3.904324523503465e-05,
                "similarity_threshold": 0.01
            },
            "65": {
                "centrality_threshold": 3.904324523503465e-05,
                "similarity_threshold": 0.01
            },
            "70": {
                "centrality_threshold": 3.904324523503465e-05,
                "similarity_threshold": 0.01
            },
            "75": {
                "centrality_threshold": 3.904324523503465e-05,
                "similarity_threshold": 0.01
            },
            "80": {
                "centrality_threshold": 3.904324523503465e-05,
                "similarity_threshold": 0.02
            },
            "85": {
                "centrality_threshold": 3.904324523503465e-05,
                "similarity_threshold": 0.02
            },
            "90": {
                "centrality_threshold": 3.904324523503465e-05,
                "similarity_threshold": 0.03
            },
            "95": {
                "centrality_threshold": 3.904324523503465e-05,
                "similarity_threshold": 0.31
            }
        },
        "70": {
            "50": {
                "centrality_threshold": 5.576430141483271e-05,
                "similarity_threshold": 0.01
            },
            "55": {
                "centrality_threshold": 5.576430141483271e-05,
                "similarity_threshold": 0.01
            },
            "60": {
                "centrality_threshold": 5.576430141483271e-05,
                "similarity_threshold": 0.01
            },
            "65": {
                "centrality_threshold": 5.576430141483271e-05,
                "similarity_threshold": 0.01
            },
            "70": {
                "centrality_threshold": 5.576430141483271e-05,
                "similarity_threshold": 0.01
            },
            "75": {
                "centrality_threshold": 5.576430141483271e-05,
                "similarity_threshold": 0.01
            },
            "80": {
                "centrality_threshold": 5.576430141483271e-05,
                "similarity_threshold": 0.02
            },
            "85": {
                "centrality_threshold": 5.576430141483271e-05,
                "similarity_threshold": 0.02
            },
            "90": {
                "centrality_threshold": 5.576430141483271e-05,
                "similarity_threshold": 0.03
            },
            "95": {
                "centrality_threshold": 5.576430141483271e-05,
                "similarity_threshold": 0.31
            }
        },
        "75": {
            "50": {
                "centrality_threshold": 7.410263399249155e-05,
                "similarity_threshold": 0.01
            },
            "55": {
                "centrality_threshold": 7.410263399249155e-05,
                "similarity_threshold": 0.01
            },
            "60": {
                "centrality_threshold": 7.410263399249155e-05,
                "similarity_threshold": 0.01
            },
            "65": {
                "centrality_threshold": 7.410263399249155e-05,
                "similarity_threshold": 0.01
            },