{
    "graph_data": {
        "50": {
            "50": {
                "centrality_threshold": 5.22797404125878e-05,
                "similarity_threshold": 0.01
            },
            "55": {
                "centrality_threshold": 5.22797404125878e-05,
                "similarity_threshold": 0.01
            },
            "60": {
                "centrality_threshold": 5.22797404125878e-05,
                "similarity_threshold": 0.01
            },
            "65": {
                "centrality_threshold": 5.22797404125878e-05,
                "similarity_threshold": 0.01
            },
            "70": {
                "centrality_threshold": 5.22797404125878e-05,
                "similarity_threshold": 0.01
            },
            "75": {
                "centrality_threshold": 5.22797404125878e-05,
                "similarity_threshold": 0.01
            },
            "80": {
                "centrality_threshold": 5.22797404125878e-05,
                "similarity_threshold": 0.02
            },
            "85": {
                "centrality_threshold": 5.22797404125878e-05,
                "similarity_threshold": 0.02
            },
            "90": {
                "centrality_threshold": 5.22797404125878e-05,
                "similarity_threshold": 0.02
            },
            "95": {
                "centrality_threshold": 5.22797404125878e-05,
                "similarity_threshold": 0.08
            }
        },
        "55": {
            "50": {
                "centrality_threshold": 7.672229244053852e-05,
                "similarity_threshold": 0.01
            },
            "55": {
                "centrality_threshold": 7.672229244053852e-05,
                "similarity_threshold": 0.01
            },
            "60": {
                "centrality_threshold": 7.672229244053852e-05,
                "similarity_threshold": 0.01
            },
            "65": {
                "centrality_threshold": 7.672229244053852e-05,
                "similarity_threshold": 0.01
            },
            "70": {
                "centrality_threshold": 7.672229244053852e-05,
                "similarity_threshold": 0.01
            },
            "75": {
                "centrality_threshold": 7.672229244053852e-05,
                "similarity_threshold": 0.01
            },
            "80": {
                "centrality_threshold": 7.672229244053852e-05,
                "similarity_threshold": 0.02
            },
            "85": {
                "centrality_threshold": 7.672229244053852e-05,
                "similarity_threshold": 0.02
            },
            "90": {
                "centrality_threshold": 7.672229244053852e-05,
                "similarity_threshold": 0.02
            },
            "95": {
                "centrality_threshold": 7.672229244053852e-05,
                "similarity_threshold": 0.08
            }
        },
        "60": {
            "50": {
                "centrality_threshold": 0.00011242348521983548,
                "similarity_threshold": 0.01
            },
            "55": {
                "centrality_threshold": 0.00011242348521983548,
                "similarity_threshold": 0.01
            },
            "60": {
                "centrality_threshold": 0.00011242348521983548,
                "similarity_threshold": 0.01
            },
            "65": {
                "centrality_threshold": 0.00011242348521983548,
                "similarity_threshold": 0.01
            },
            "70": {
                "centrality_threshold": 0.00011242348521983548,
                "similarity_threshold": 0.01
            },
            "75": {
                "centrality_threshold": 0.00011242348521983548,
                "similarity_threshold": 0.01
            },
            "80": {
                "centrality_threshold": 0.00011242348521983548,
                "similarity_threshold": 0.02
            },
            "85": {
                "centrality_threshold": 0.00011242348521983548,
                "similarity_threshold": 0.02
            },
            "90": {
                "centrality_threshold": 0.00011242348521983548,
                "similarity_threshold": 0.02
            },
            "95": {
                "centrality_threshold": 0.00011242348521983548,
                "similarity_threshold": 0.08
            }
        },
        "65": {
            "50": {
                "centrality_threshold": 0.00015958797439431707,
                "similarity_threshold": 0.01
            },
            "55": {
                "centrality_threshold": 0.00015958797439431707,
                "similarity_threshold": 0.01
            },
            "60": {
                "centrality_threshold": 0.00015958797439431707,
                "similarity_threshold": 0.01
            },
            "65": {
                "centrality_threshold": 0.00015958797439431707,
                "similarity_threshold": 0.01
            },
            "70": {
                "centrality_threshold": 0.00015958797439431707,
                "similarity_threshold": 0.01
            },
            "75": {
                "centrality_threshold": 0.00015958797439431707,
                "similarity_threshold": 0.01
            },
            "80": {
                "centrality_threshold": 0.00015958797439431707,
                "similarity_threshold": 0.02
            },
            "85": {
                "centrality_threshold": 0.00015958797439431707,
                "similarity_threshold": 0.02
            },
            "90": {
                "centrality_threshold": 0.00015958797439431707,
                "similarity_threshold": 0.02
            },
            "95": {
                "centrality_threshold": 0.00015958797439431707,
                "similarity_threshold": 0.08
            }
        },
        "70": {
            "50": {
                "centrality_threshold": 0.00023782094465318133,
                "similarity_threshold": 0.01
            },
            "55": {
                "centrality_threshold": 0.00023782094465318133,
                "similarity_threshold": 0.01
            },
            "60": {
                "centrality_threshold": 0.00023782094465318133,
                "similarity_threshold": 0.01
            },
            "65": {
                "centrality_threshold": 0.00023782094465318133,
                "similarity_threshold": 0.01
            },
            "70": {
                "centrality_threshold": 0.00023782094465318133,
                "similarity_threshold": 0.01
            },
            "75": {
                "centrality_threshold": 0.00023782094465318133,
                "similarity_threshold": 0.01
            },
            "80": {
                "centrality_threshold": 0.00023782094465318133,
                "similarity_threshold": 0.02
            },
            "85": {
                "centrality_threshold": 0.00023782094465318133,
                "similarity_threshold": 0.02
            },
            "90": {
                "centrality_threshold": 0.00023782094465318133,
                "similarity_threshold": 0.02
            },
            "95": {
                "centrality_threshold": 0.00023782094465318133,
                "similarity_threshold": 0.08
            }
        },
        "75": {
            "50": {
                "centrality_threshold": 0.0003493626636592344,
                "similarity_threshold": 0.01
            },
            "55": {
                "centrality_threshold": 0.0003493626636592344,
                "similarity_threshold": 0.01
            },
            "60": {
                "centrality_threshold": 0.0003493626636592344,
                "similarity_threshold": 0.01
            },
            "65": {
                "centrality_threshold": 0.0003493626636592344,
                "similarity_threshold": 0.01
            },
            "70": {
                "centrality_threshold": 0.0003493626636592344,